{
  "id": "1734881",
  "name": "精密仪器",
  "font_family": "iconfont",
  "css_prefix_text": "icon-",
  "description": "",
  "glyphs": [
    {
      "icon_id": "760239",
      "name": "down",
      "font_class": "down",
      "unicode": "e634",
      "unicode_decimal": 58932
    },
    {
      "icon_id": "1298319",
      "name": "bu-map-marker-o",
      "font_class": "marker",
      "unicode": "e683",
      "unicode_decimal": 59011
    },
    {
      "icon_id": "6687360",
      "name": "play",
      "font_class": "play",
      "unicode": "e6c8",
      "unicode_decimal": 59080
    }
  ]
}
