{
  "id": "1752873",
  "name": "南科大",
  "font_family": "iconfont",
  "css_prefix_text": "icon-",
  "description": "",
  "glyphs": [
    {
      "icon_id": "1011853",
      "name": "time",
      "font_class": "time",
      "unicode": "e65d",
      "unicode_decimal": 58973
    },
    {
      "icon_id": "309938",
      "name": "right",
      "font_class": "right",
      "unicode": "e60d",
      "unicode_decimal": 58893
    },
    {
      "icon_id": "9207946",
      "name": "search",
      "font_class": "search",
      "unicode": "e651",
      "unicode_decimal": 58961
    },
    {
      "icon_id": "129245",
      "name": "twitter",
      "font_class": "twitter",
      "unicode": "e8a8",
      "unicode_decimal": 59560
    },
    {
      "icon_id": "792402",
      "name": "facebook",
      "font_class": "facebook",
      "unicode": "e6d9",
      "unicode_decimal": 59097
    },
    {
      "icon_id": "5260070",
      "name": "sina",
      "font_class": "sina",
      "unicode": "e610",
      "unicode_decimal": 58896
    },
    {
      "icon_id": "7239953",
      "name": "wechat",
      "font_class": "wechat",
      "unicode": "e763",
      "unicode_decimal": 59235
    }
  ]
}
